{
  "header": {
    "datasetId": "5ce197d33059b614b37a3437",
    "imsOrgId": "907075E95BF479EC0A495C73@AdobeOrg",
    "source": {
      "name": "Alexa"
    },
    "schemaRef": {
      "id": "https://ns.adobe.com/experienceplatform/schemas/a9e2bc6e0aa3cec0658cb813694e3be6",
      "contentType": "application/vnd.adobe.xed-full+json;version=1"
    }
  },
  "body": {
    "xdmMeta": {
      "schemaRef": {
        "id": "https://ns.adobe.com/experienceplatform/schemas/a9e2bc6e0aa3cec0658cb813694e3be6",
        "contentType": "application/vnd.adobe.xed-full+json;version=1"
      }
    },
    "xdmEntity": {
      "_id": "{%%uniqueTimeStamp%%}",
      "timestamp": "{%%formattedDate%%}:00Z",
      "productListItems": [{"SKU": "{%%productName%%}"}],
      "identityMap": {
        "ECID": [
          {
            "id": "{%%mcid%%}",
            "primary": true,
            "authenticatedState": "authenticated"
          }
        ]
      },
      "_experienceplatform": {
        "productData": {
          "productUrl": "{%%productImageUrl%%}",
          "productName": "{%%productName%%}",
          "productInteraction": "{%%productInteraction%%}"
        },
        "identification": {
          "emailId": "{%%mcid%%}"
        }
      }
    }
  }
}