{
	"id": "7b31ee64-82ca-4118-bf69-252f1228c624",
	"name": "_EMEA Platform Enablement - JWT ",
	"values": [
		{
			"key": "IMS",
			"value": "https://ims-na1.adobelogin.com",
			"enabled": true
		},
		{
			"key": "PLATFORM_GATEWAY",
			"value": "https://platform.adobe.io",
			"enabled": true
		},
		{
			"key": "clientID",
			"value": "",
			"enabled": true
		},
		{
			"key": "clientSecret",
			"value": "",
			"enabled": true
		},
		{
			"key": "IMSOrg",
			"value": "907075E95BF479EC0A495C73@AdobeOrg",
			"enabled": true
		},
		{
			"key": "techacct",
			"value": "",
			"enabled": true
		},
		{
			"key": "meta_scope",
			"value": "ent_dataservices_sdk",
			"enabled": true
		},
		{
			"key": "secret",
			"value": "",
			"enabled": true
		},
		{
			"key": "jwt_token",
			"value": "",
			"enabled": true
		},
		{
			"key": "access_token",
			"value": "",
			"enabled": true
		},
		{
			"key": "predicatePreviewId",
			"value": "",
			"description": {
				"content": "",
				"type": "text/plain"
			},
			"enabled": true
		},
		{
			"key": "BATCH_ID",
			"value": "",
			"enabled": true
		},
		{
			"key": "previewSessionId",
			"value": null,
			"enabled": true
		},
		{
			"key": "IMS_TOKEN",
			"value": "",
			"enabled": true
		}
	],
	"_postman_variable_scope": "environment",
	"_postman_exported_at": "2019-02-15T05:47:53.576Z",
	"_postman_exported_using": "Postman/6.7.3"
}